{
    "loss": 1.1617536544799805,
    "accuracy": 0.7913534045219421
}