{
    "loss": 1.3490382432937622,
    "accuracy": 0.7481203079223633
}